{"cameraMode":{"drawMode":0,"name":"Shaded","section":"Shading Mode"},"sceneLighting":true,"audioPlay":false,"sceneViewState":{"m_AlwaysRefresh":false,"showFog":true,"showSkybox":true,"showFlares":true,"showImageEffects":true,"showParticleSystems":true,"showVisualEffectGraphs":true,"m_FxEnabled":true},"in2DMode":false,"pivot":{"x":0.5789412260055542,"y":1.523495078086853,"z":-4.278191566467285},"rotation":{"x":0.026648694649338723,"y":-0.6345390677452087,"z":0.021900512278079988,"w":0.7721248865127564},"size":3.2021284103393556,"orthographic":false}